[
    {
        "section": "FunnieWars",
        "disciplines": [
            {
                "discipline": "Administration",
                "titles": [
                    {
                        "title": "Owner",
                        "names": [
                            "ConsoleX"
                        ]
                    },
                    {
                        "title": "Admins",
                        "names": [
                            "a_db",
                            "frankisfrankis",
                            "kikic_",
                            "pwayer"
                        ]
                    },
                    {
                        "title": "Host",
                        "names": [
                            "Brunted",
                            "Gavin",
                            "Redove",
                            "tyler",
                            "Urchent"
                        ]
                    },
                    {
                        "title": "Builder",
                        "names": [
                            "Oil08",
                            "Loop",
                            "luna",
                            "Mal",
                            "Wuakc",
                            "Zetrro"
                        ]
                    },
                    {
                        "title": "Moderator",
                        "names": [
                            "Darkleonard",
                            "elitecombate",
                            "Hackr Derp",
                            "luna",
                            "Mal",
                            "Matt",
                            "mikeyikey",
                            "rttf",
                            "Sneapky",
                            "Super Noot",
                            "Trexterr",
                            "van",
                            "Zetrro"
                        ]
                    }
                ]
            }
            
        ]
    }
]