{
  "revive": {
    "sounds": [
      "funniewars:revive"
    ]
  },
  "announcemini": {
    "sounds": [
      "funniewars:announcemini"]
  },
  "captain": {
    "sounds": [
      "funniewars:captain"]
  },
  "click": {
    "sounds": [
      "funniewars:click"]
  },
  "cosmetics": {
    "sounds": [
      "funniewars:cosmetics"]
  },
  "equip": {
    "sounds": [
      "funniewars:equip"]
  },
  "fail": {
    "sounds": [
      "funniewars:fail"]
  },
  "cancel": {
    "sounds": [
      "funniewars:cancel"]
  },
  "end": {
    "sounds": [
      "funniewars:end"]
  },
  "up": {
    "sounds": [
      "funniewars:up"]
  },
  "select": {
    "sounds": [
      "funniewars:select"]
  },
  "unequip": {
    "sounds": [
      "funniewars:unequip"]
  },
  "vote": {
    "sounds": [
      "funniewars:vote"]
  },
  "votestart": {
    "sounds": [
      "funniewars:votestart"]
  },
  "complete": {
    "sounds": [
      "funniewars:complete"]
  },
  "achievement": {
    "sounds": [
      "funniewars:achievement"]
  },
  "added": {
    "sounds": [
      "funniewars:added"]
  },
  "island": {
    "sounds": [
      "funniewars:island"]
  },
  "challenge": {
    "sounds": [
      "funniewars:challenge"]
  },
  "confirm": {
    "sounds": [
      "funniewars:confirm"]
  },
  "shop": {
    "sounds": [
      "funniewars:shop"]
  },
  "death": {
    "sounds": [
      "funniewars:death"]
  },
  "doublekill": {
    "sounds": [
      "funniewars:doublekill"]
  },
  "endevent": {
    "sounds": [
      "funniewars:endevent"]
  },
  "kill": {
    "sounds": [
      "funniewars:kill"]
  },
  "pentakill": {
    "sounds": [
      "funniewars:pentakill"]
  },
  "quadruplekill": {
    "sounds": [
      "funniewars:quadruplekill"]
  },
  "removed": {
    "sounds": [
      "funniewars:removed"]
  },
  "triplekill": {
    "sounds": [
      "funniewars:triplekill"]
  },
  "viewprofile": {
    "sounds": [
      "funniewars:viewprofile"]
  },
  "wipeout": {
    "sounds": [
      "funniewars:wipeout"]
  },
  "selected": {
    "sounds": [
      "funniewars:selected"]
  },
  "beeptest": {
    "sounds": [
      "funniewars:beeptest"]
  },
  "market": {
    "sounds": [
      "funniewars:market"]
  },
  "purge": {
    "sounds": [
      "funniewars:purge"]
  },
  "skywars": {
    "sounds": [
      "funniewars:skywars"]
  },
  "spleef": {
    "sounds": [
      "funniewars:spleef"]
  },
  "thirtyseconds": {
    "sounds": [
      "funniewars:thirtyseconds"]
  },
  "assist": {
    "sounds": [
      "funniewars:assist"]
  },
  "voting": {
    "sounds": [
      "funniewars:voting"]
  },
  "tutorial": {
    "sounds": [
      "funniewars:tutorial"]
  },
  "teamwipe": {
    "sounds": [
      "funniewars:teamwipe"]
  },
  "roundwin": {
    "sounds": [
      "funniewars:roundwin"]
  },
  "checkpoint": {
    "sounds": [
      "funniewars:checkpoint"]
  },
  "completesquare": {
    "sounds": [
      "funniewars:completesquare"]
  },
  "disablepm": {
    "sounds": [
      "funniewars:disablepm"]
  },
  "doublejump": {
    "sounds": [
      "funniewars:doublejump"]
  },
  "enablepm": {
    "sounds": [
      "funniewars:enablepm"]
  },
  "openspec": {
    "sounds": [
      "funniewars:openspec"]
  },
  "openui": {
    "sounds": [
      "funniewars:openui"]
  },
  "page": {
    "sounds": [
      "funniewars:page"]
  },
  "randomizerblockbreak": {
    "sounds": [
      "funniewars:randomizerblockbreak"]
  },
  "randomizertrack": {
    "sounds": [
      "funniewars:randomizertrack"]
  },
  "scoreboard": {
    "sounds": [
      "funniewars:scoreboard"]
  },
  "sysend": {
    "sounds": [
      "funniewars:sysend"]
  },
  "teleport": {
    "sounds": [
      "funniewars:teleport"]
  },
  "thirtyblockhit": {
    "sounds": [
      "funniewars:thirtyblockhit"]
  },
  "wallstrack": {
    "sounds": [
      "funniewars:wallstrack"]
  },
  "demoncrit": {
    "sounds": [
      "funniewars:demoncrit"]
  },
  "demonkb": {
    "sounds": [
      "funniewars:demonkb"]
  },
  "demonkill": {
    "sounds": [
      "funniewars:demonkill"]
  },

  "demonstrong": {
    "sounds": [
      "funniewars:demonstrong"]
  },

  "demonsweep": {
    "sounds": [
      "funniewars:demonsweep"]
  },
  "demonweak": {
    "sounds": [
      "funniewars:demonweak"]
  }

}
