{
  "parent": "minecraft:item/handheld",
  "textures": {
    "layer0": "minecraft:item/diamond_sword"
  },
  "overrides": [
    {
      "predicate": {
        "custom_model_data":  1
      },
      "model": "minecraft:item/demon_sword"
    },
    {
      "predicate": {
        "custom_model_data": 2
      },
      "model": "minecraft:item/amethyst_sword"
    },
    {
      "predicate": {
        "custom_model_data": 3
      },
      "model": "minecraft:item/champion_sword"
    },
    {
      "predicate": {
        "custom_model_data": 4
      },
      "model": "minecraft:item/cleaver_sword"
    },
    {
      "predicate": {
        "custom_model_data": 5
      },
      "model": "minecraft:item/cyberpunk_sword"
    },
    {
      "predicate": {
        "custom_model_data": 6
      },
      "model": "minecraft:item/demonseye_sword"
    },
    {
      "predicate": {
        "custom_model_data": 7
      },
      "model": "minecraft:item/dragon_sword"
    },
    {
      "predicate": {
        "custom_model_data": 8
      },
      "model": "minecraft:item/edge_sword"
    },
    {
      "predicate": {
        "custom_model_data": 9
      },
      "model": "minecraft:item/emerald_sword"
    },
    {
      "predicate": {
        "custom_model_data": 10
      },
      "model": "minecraft:item/emerald_upgraded"
    },
    {
      "predicate": {
        "custom_model_data": 11
      },
      "model": "minecraft:item/end_sword"
    },
    {
      "predicate": {
        "custom_model_data": 12
      },
      "model": "minecraft:item/frost_sword"
    },
    {
      "predicate": {
        "custom_model_data": 13
      },
      "model": "minecraft:item/gem_sword"
    },
    {
      "predicate": {
        "custom_model_data": 14
      },
      "model": "minecraft:item/glade_sword"
    },
    {
      "predicate": {
        "custom_model_data": 15
      },
      "model": "minecraft:item/golem_sword"
    },
    {
      "predicate": {
        "custom_model_data": 16
      },
      "model": "minecraft:item/haircut_sword"
    },
    {
      "predicate": {
        "custom_model_data": 17
      },
      "model": "minecraft:item/lava_sword"
    },
    {
      "predicate": {
        "custom_model_data": 18
      },
      "model": "minecraft:item/lobster_sword"
    },
    {
      "predicate": {
        "custom_model_data": 19
      },
      "model": "minecraft:item/shark_sword"
    },
    {
      "predicate": {
        "custom_model_data": 20
      },
      "model": "minecraft:item/skulk_sword"
    }
  ]
}
